#{"t_start": 1604002294.5685337, "env_id": "uwrt-arm-v0"}
r,l,t
-4533.268484,800,4.149298
-20594.559133,800,4.997211
